{ "indexes" : [ { "v" : 1, "key" : { "_id" : 1 }, "name" : "_id_", "ns" : "Membership.WeChatAccessTokens" }, { "v" : 1, "unique" : true, "key" : { "SessionId" : 1 }, "name" : "SessionId_1", "ns" : "Membership.WeChatAccessTokens", "background" : true }, { "v" : 1, "unique" : true, "key" : { "OpenId" : 1 }, "name" : "OpenId_1", "ns" : "Membership.WeChatAccessTokens", "background" : true }, { "v" : 1, "unique" : true, "key" : { "Code" : 1 }, "name" : "Code_1", "ns" : "Membership.WeChatAccessTokens", "background" : true }, { "v" : 1, "unique" : true, "key" : { "MemberId" : 1 }, "name" : "MemberId_1", "ns" : "Membership.WeChatAccessTokens", "background" : true } ] }